Category,AI_Tool,URL
Top 100 Trends 24H,Mango AI,https://aixploria.com/out/MangoAI
Top 100 Trends 24H,Humanize AI Tools,https://aixploria.com/out/HumanizeAITools
Top 100 Trends 24H,Ai Images Database,https://aixploria.com/out/AiImagesDatabase
Top 100 Trends 24H,Accio,https://aixploria.com/out/Accio
Top 100 Trends 24H,HunyuanCustom,https://aixploria.com/out/HunyuanCustom
Top 100 Trends 24H,AI Dance Generator,https://aixploria.com/out/AIDanceGenerator
Top 100 Trends 24H,Deevid AI,https://aixploria.com/out/DeevidAI
Top 100 Trends 24H,Jules by Google,https://aixploria.com/out/JulesbyGoogle
Top 100 Trends 24H,3D House Planner,https://aixploria.com/out/3DHousePlanner
Top 100 Trends 24H,DeepSeek-Prover-V2,https://aixploria.com/out/DeepSeek-Prover-V2
Top 100 Trends 24H,Comet by Perplexity,https://aixploria.com/out/CometbyPerplexity
Top 100 Trends 24H,MakeSong,https://aixploria.com/out/MakeSong
Top 100 Trends 24H,DreamO,https://aixploria.com/out/DreamO
Top 100 Trends 24H,Seaweed.video,https://aixploria.com/out/Seaweed.video
Top 100 Trends 24H,Dreamface,https://aixploria.com/out/Dreamface
Top 100 Trends 24H,All Voice Lab,https://aixploria.com/out/AllVoiceLab
Top 100 Trends 24H,F-Lite by Freepik,https://aixploria.com/out/F-LitebyFreepik
Top 100 Trends 24H,Parakeet by Nvidia,https://aixploria.com/out/ParakeetbyNvidia
Top 100 Trends 24H,Dreamina AI,https://aixploria.com/out/DreaminaAI
Top 100 Trends 24H,AI Humanizer QuillBot,https://aixploria.com/out/AIHumanizerQuillBot
Top 100 Trends 24H,Magi-1 by Sand.ai,https://aixploria.com/out/Magi-1bySand.ai
Top 100 Trends 24H,Deepsite,https://aixploria.com/out/Deepsite
Top 100 Trends 24H,Claude 4,https://aixploria.com/out/Claude4
Top 100 Trends 24H,Firebase Studio,https://aixploria.com/out/FirebaseStudio
Top 100 Trends 24H,Video Background Remover,https://aixploria.com/out/VideoBackgroundRemover
Top 100 Trends 24H,ACE Step,https://aixploria.com/out/ACEStep
Top 100 Trends 24H,Skywork.ai,https://aixploria.com/out/Skywork.ai
Top 100 Trends 24H,Codex by OpenAI,https://aixploria.com/out/CodexbyOpenAI
Top 100 Trends 24H,Golex AI,https://aixploria.com/out/GolexAI
Top 100 Trends 24H,Runway Gen-4,https://aixploria.com/out/RunwayGen-4
Top 100 Trends 24H,i10X,https://aixploria.com/out/i10X
Top 100 Trends 24H,Pixelfox AI,https://aixploria.com/out/PixelfoxAI
Top 100 Trends 24H,Videohunt.Ai,https://aixploria.com/out/Videohunt.Ai
Top 100 Trends 24H,PhotoG,https://aixploria.com/out/PhotoG
Top 100 Trends 24H,AI Chat,https://aixploria.com/out/AIChat
Top 100 Trends 24H,Ninja AI,https://aixploria.com/out/NinjaAI
Top 100 Trends 24H,enso,https://aixploria.com/out/enso
Top 100 Trends 24H,Seedream3.0,https://aixploria.com/out/Seedream3.0
Top 100 Trends 24H,TTT-MLP,https://aixploria.com/out/TTT-MLP
Top 100 Trends 24H,VideoIdeas.ai,https://aixploria.com/out/VideoIdeas.ai
Top 100 Trends 24H,Blaze,https://aixploria.com/out/Blaze
Top 100 Trends 24H,Fluig AI,https://aixploria.com/out/FluigAI
Top 100 Trends 24H,KeywordSearch AI,https://aixploria.com/out/KeywordSearchAI
Top 100 Trends 24H,Even G1,https://aixploria.com/out/EvenG1
Top 100 Trends 24H,Dia 1.6B,https://aixploria.com/out/Dia1.6B
Top 100 Trends 24H,GPT-Image-1 OpenAI,https://aixploria.com/out/GPT-Image-1OpenAI
Top 100 Trends 24H,Notion Mail,https://aixploria.com/out/NotionMail
Top 100 Trends 24H,ElevenLabs MCP,https://aixploria.com/out/ElevenLabsMCP
Top 100 Trends 24H,DreamActor-M1,https://aixploria.com/out/DreamActor-M1
Top 100 Trends 24H,Zeal AI,https://aixploria.com/out/ZealAI
Top 100 Trends 24H,3D LHM (Alibaba),https://aixploria.com/out/3DLHM%28Alibaba%29
Top 100 Trends 24H,Best Creator,https://aixploria.com/out/BestCreator
Top 100 Trends 24H,Balzac AI,https://aixploria.com/out/BalzacAI
Top 100 Trends 24H,Pecan AI,https://aixploria.com/out/PecanAI
Top 100 Trends 24H,CoTester,https://aixploria.com/out/CoTester
Top 100 Trends 24H,Take a Quiz,https://aixploria.com/out/TakeaQuiz
Top 100 Trends 24H,Llama 4,https://aixploria.com/out/Llama4
Top 100 Trends 24H,Qwen2.5-Omni,https://aixploria.com/out/Qwen2.5-Omni
Top 100 Trends 24H,GetLeads,https://aixploria.com/out/GetLeads
Top 100 Trends 24H,StarVector,https://aixploria.com/out/StarVector
Top 100 Trends 24H,AI for work Notion,https://aixploria.com/out/AIforworkNotion
Top 100 Trends 24H,Qwen 3,https://aixploria.com/out/Qwen3
Top 100 Trends 24H,DolphinGemma,https://aixploria.com/out/DolphinGemma
Top 100 Trends 24H,GPT-4.1,https://aixploria.com/out/GPT-4.1
Top 100 Trends 24H,Canva AI Assistant,https://aixploria.com/out/CanvaAIAssistant
Top 100 Trends 24H,CORLEO Kawasaki,https://aixploria.com/out/CORLEOKawasaki
Top 100 Trends 24H,MoCha by Meta,https://aixploria.com/out/MoChabyMeta
Top 100 Trends 24H,Together Chat,https://aixploria.com/out/TogetherChat
Top 100 Trends 24H,Solvy,https://aixploria.com/out/Solvy
Top 100 Trends 24H,Gemini 2.5 Pro,https://aixploria.com/out/Gemini2.5Pro
Top 100 Trends 24H,4o Image Generation,https://aixploria.com/out/4oImageGeneration
Top 100 Trends 24H,Bytecap,https://aixploria.com/out/Bytecap
Top 100 Trends 24H,Figma Sites,https://aixploria.com/out/FigmaSites
Top 100 Trends 24H,Soul Machines AI Agents,https://aixploria.com/out/SoulMachinesAIAgents
Top 100 Trends 24H,KIVA by Wellows,https://aixploria.com/out/KIVAbyWellows
Top 100 Trends 24H,AI Homework Helper,https://aixploria.com/out/AIHomeworkHelper
Top 100 Trends 24H,B2B Rocket,https://aixploria.com/out/B2BRocket
Top 100 Trends 24H,AppSumo,https://aixploria.com/out/AppSumo
Top 100 Trends 24H,InfiniteYou-FLUX,https://aixploria.com/out/InfiniteYou-FLUX
Top 100 Trends 24H,Overchat.ai,https://aixploria.com/out/Overchat.ai
Top 100 Trends 24H,Suna by Kortix,https://aixploria.com/out/SunabyKortix
Top 100 Trends 24H,ACE Studio,https://aixploria.com/out/ACEStudio
Top 100 Trends 24H,MinutesLink,https://aixploria.com/out/MinutesLink
Top 100 Trends 24H,Best SAT Score,https://aixploria.com/out/BestSATScore
Top 100 Trends 24H,Rayo,https://aixploria.com/out/Rayo
Top 100 Trends 24H,Victoria AI,https://aixploria.com/out/VictoriaAI
Top 100 Trends 24H,Agent2Agent Protocol,https://aixploria.com/out/Agent2AgentProtocol
Top 100 Trends 24H,Amazon Nova Sonic,https://aixploria.com/out/AmazonNovaSonic
Top 100 Trends 24H,KreadoAI Voice Clone,https://aixploria.com/out/KreadoAIVoiceClone
Top 100 Trends 24H,HyperPilot,https://aixploria.com/out/HyperPilot
Top 100 Trends 24H,Instant Upload,https://aixploria.com/out/InstantUpload
Top 100 Trends 24H,Chargeblast,https://aixploria.com/out/Chargeblast
Top 100 Trends 24H,Audio Cleaner AI,https://aixploria.com/out/AudioCleanerAI
Top 100 Trends 24H,Mimi Panda Coloring AI,https://aixploria.com/out/MimiPandaColoringAI
Top 100 Trends 24H,Dun & Bradstreet,https://aixploria.com/out/Dun%26%23038%3BBradstreet
Top 100 Trends 24H,insMind AI Ghibli Filter,https://aixploria.com/out/insMindAIGhibliFilter
Top 100 Trends 24H,Kilo Code,https://aixploria.com/out/KiloCode
Top 100 Trends 24H,Zapier MCP,https://aixploria.com/out/ZapierMCP
Top 100 Trends 24H,Hunyuan-T1,https://aixploria.com/out/Hunyuan-T1
Top 100 Trends 24H,Portia Labs,https://aixploria.com/out/PortiaLabs
Top 100 Trends Week,Mango AI,https://aixploria.com/out/MangoAI
Top 100 Trends Week,Ai Images Database,https://aixploria.com/out/AiImagesDatabase
Top 100 Trends Week,Humanize AI Tools,https://aixploria.com/out/HumanizeAITools
Top 100 Trends Week,HunyuanCustom,https://aixploria.com/out/HunyuanCustom
Top 100 Trends Week,Jules by Google,https://aixploria.com/out/JulesbyGoogle
Top 100 Trends Week,Deevid AI,https://aixploria.com/out/DeevidAI
Top 100 Trends Week,DreamO,https://aixploria.com/out/DreamO
Top 100 Trends Week,3D House Planner,https://aixploria.com/out/3DHousePlanner
Top 100 Trends Week,Fluig AI,https://aixploria.com/out/FluigAI
Top 100 Trends Week,Comet by Perplexity,https://aixploria.com/out/CometbyPerplexity
Top 100 Trends Week,All Voice Lab,https://aixploria.com/out/AllVoiceLab
Top 100 Trends Week,Dreamface,https://aixploria.com/out/Dreamface
Top 100 Trends Week,DeepSeek-Prover-V2,https://aixploria.com/out/DeepSeek-Prover-V2
Top 100 Trends Week,Magi-1 by Sand.ai,https://aixploria.com/out/Magi-1bySand.ai
Top 100 Trends Week,Video Background Remover,https://aixploria.com/out/VideoBackgroundRemover
Top 100 Trends Week,Dreamina AI,https://aixploria.com/out/DreaminaAI
Top 100 Trends Week,Skywork.ai,https://aixploria.com/out/Skywork.ai
Top 100 Trends Week,ACE Step,https://aixploria.com/out/ACEStep
Top 100 Trends Week,F-Lite by Freepik,https://aixploria.com/out/F-LitebyFreepik
Top 100 Trends Week,AI Humanizer QuillBot,https://aixploria.com/out/AIHumanizerQuillBot
Top 100 Trends Week,Claude 4,https://aixploria.com/out/Claude4
Top 100 Trends Week,Seaweed.video,https://aixploria.com/out/Seaweed.video
Top 100 Trends Week,Deepsite,https://aixploria.com/out/Deepsite
Top 100 Trends Week,Parakeet by Nvidia,https://aixploria.com/out/ParakeetbyNvidia
Top 100 Trends Week,AppSumo,https://aixploria.com/out/AppSumo
Top 100 Trends Week,TTT-MLP,https://aixploria.com/out/TTT-MLP
Top 100 Trends Week,AI Chat,https://aixploria.com/out/AIChat
Top 100 Trends Week,Codex by OpenAI,https://aixploria.com/out/CodexbyOpenAI
Top 100 Trends Week,Videohunt.Ai,https://aixploria.com/out/Videohunt.Ai
Top 100 Trends Week,Seedream3.0,https://aixploria.com/out/Seedream3.0
Top 100 Trends Week,Runway Gen-4,https://aixploria.com/out/RunwayGen-4
Top 100 Trends Week,Firebase Studio,https://aixploria.com/out/FirebaseStudio
Top 100 Trends Week,Pixelfox AI,https://aixploria.com/out/PixelfoxAI
Top 100 Trends Week,Dia 1.6B,https://aixploria.com/out/Dia1.6B
Top 100 Trends Week,i10X,https://aixploria.com/out/i10X
Top 100 Trends Week,Golex AI,https://aixploria.com/out/GolexAI
Top 100 Trends Week,Take a Quiz,https://aixploria.com/out/TakeaQuiz
Top 100 Trends Week,Qwen 3,https://aixploria.com/out/Qwen3
Top 100 Trends Week,Accio,https://aixploria.com/out/Accio
Top 100 Trends Week,PhotoG,https://aixploria.com/out/PhotoG
Top 100 Trends Week,DreamActor-M1,https://aixploria.com/out/DreamActor-M1
Top 100 Trends Week,Notion Mail,https://aixploria.com/out/NotionMail
Top 100 Trends Week,Soul Machines AI Agents,https://aixploria.com/out/SoulMachinesAIAgents
Top 100 Trends Week,VideoIdeas.ai,https://aixploria.com/out/VideoIdeas.ai
Top 100 Trends Week,3D LHM (Alibaba),https://aixploria.com/out/3DLHM%28Alibaba%29
Top 100 Trends Week,AI Dance Generator,https://aixploria.com/out/AIDanceGenerator
Top 100 Trends Week,Figma Sites,https://aixploria.com/out/FigmaSites
Top 100 Trends Week,enso,https://aixploria.com/out/enso
Top 100 Trends Week,ElevenLabs MCP,https://aixploria.com/out/ElevenLabsMCP
Top 100 Trends Week,Together Chat,https://aixploria.com/out/TogetherChat
Top 100 Trends Week,4o Image Generation,https://aixploria.com/out/4oImageGeneration
Top 100 Trends Week,Llama 4,https://aixploria.com/out/Llama4
Top 100 Trends Week,GPT-4.1,https://aixploria.com/out/GPT-4.1
Top 100 Trends Week,Best Creator,https://aixploria.com/out/BestCreator
Top 100 Trends Week,DolphinGemma,https://aixploria.com/out/DolphinGemma
Top 100 Trends Week,Qwen2.5-Omni,https://aixploria.com/out/Qwen2.5-Omni
Top 100 Trends Week,MoCha by Meta,https://aixploria.com/out/MoChabyMeta
Top 100 Trends Week,Ninja AI,https://aixploria.com/out/NinjaAI
Top 100 Trends Week,CORLEO Kawasaki,https://aixploria.com/out/CORLEOKawasaki
Top 100 Trends Week,GPT-Image-1 OpenAI,https://aixploria.com/out/GPT-Image-1OpenAI
Top 100 Trends Week,MakeSong,https://aixploria.com/out/MakeSong
Top 100 Trends Week,Agent2Agent Protocol,https://aixploria.com/out/Agent2AgentProtocol
Top 100 Trends Week,InfiniteYou-FLUX,https://aixploria.com/out/InfiniteYou-FLUX
Top 100 Trends Week,KreadoAI Voice Clone,https://aixploria.com/out/KreadoAIVoiceClone
Top 100 Trends Week,StarVector,https://aixploria.com/out/StarVector
Top 100 Trends Week,Blaze,https://aixploria.com/out/Blaze
Top 100 Trends Week,Bytecap,https://aixploria.com/out/Bytecap
Top 100 Trends Week,Canva AI Assistant,https://aixploria.com/out/CanvaAIAssistant
Top 100 Trends Week,Zeal AI,https://aixploria.com/out/ZealAI
Top 100 Trends Week,Balzac AI,https://aixploria.com/out/BalzacAI
Top 100 Trends Week,KeywordSearch AI,https://aixploria.com/out/KeywordSearchAI
Top 100 Trends Week,AI for work Notion,https://aixploria.com/out/AIforworkNotion
Top 100 Trends Week,ACE Studio,https://aixploria.com/out/ACEStudio
Top 100 Trends Week,Suna by Kortix,https://aixploria.com/out/SunabyKortix
Top 100 Trends Week,Solvy,https://aixploria.com/out/Solvy
Top 100 Trends Week,HyperPilot,https://aixploria.com/out/HyperPilot
Top 100 Trends Week,Pecan AI,https://aixploria.com/out/PecanAI
Top 100 Trends Week,Rayo,https://aixploria.com/out/Rayo
Top 100 Trends Week,Dun & Bradstreet,https://aixploria.com/out/Dun%26%23038%3BBradstreet
Top 100 Trends Week,Instant Upload,https://aixploria.com/out/InstantUpload
Top 100 Trends Week,MinutesLink,https://aixploria.com/out/MinutesLink
Top 100 Trends Week,CoTester,https://aixploria.com/out/CoTester
Top 100 Trends Week,Mimi Panda Coloring AI,https://aixploria.com/out/MimiPandaColoringAI
Top 100 Trends Week,GetLeads,https://aixploria.com/out/GetLeads
Top 100 Trends Week,Gemini 2.5 Pro,https://aixploria.com/out/Gemini2.5Pro
Top 100 Trends Week,Even G1,https://aixploria.com/out/EvenG1
Top 100 Trends Week,Kilo Code,https://aixploria.com/out/KiloCode
Top 100 Trends Week,KIVA by Wellows,https://aixploria.com/out/KIVAbyWellows
Top 100 Trends Week,AI Homework Helper,https://aixploria.com/out/AIHomeworkHelper
Top 100 Trends Week,Victoria AI,https://aixploria.com/out/VictoriaAI
Top 100 Trends Week,insMind AI Ghibli Filter,https://aixploria.com/out/insMindAIGhibliFilter
Top 100 Trends Week,Audio Cleaner AI,https://aixploria.com/out/AudioCleanerAI
Top 100 Trends Week,Best SAT Score,https://aixploria.com/out/BestSATScore
Top 100 Trends Week,Overchat.ai,https://aixploria.com/out/Overchat.ai
Top 100 Trends Week,Amazon Nova Sonic,https://aixploria.com/out/AmazonNovaSonic
Top 100 Trends Week,Zapier MCP,https://aixploria.com/out/ZapierMCP
Top 100 Trends Week,B2B Rocket,https://aixploria.com/out/B2BRocket
Top 100 Trends Week,Chargeblast,https://aixploria.com/out/Chargeblast
Top 100 Trends Week,Portia Labs,https://aixploria.com/out/PortiaLabs
Top 100 Trends Week,Hunyuan-T1,https://aixploria.com/out/Hunyuan-T1
Top 100 AI Trends Month,Fluig AI,https://aixploria.com/out/FluigAI
Top 100 AI Trends Month,Golex AI,https://aixploria.com/out/GolexAI
Top 100 AI Trends Month,Mango AI,https://aixploria.com/out/MangoAI
Top 100 AI Trends Month,Magi-1 by Sand.ai,https://aixploria.com/out/Magi-1bySand.ai
Top 100 AI Trends Month,KeywordSearch AI,https://aixploria.com/out/KeywordSearchAI
Top 100 AI Trends Month,Deevid AI,https://aixploria.com/out/DeevidAI
Top 100 AI Trends Month,DeepSeek-Prover-V2,https://aixploria.com/out/DeepSeek-Prover-V2
Top 100 AI Trends Month,Soul Machines AI Agents,https://aixploria.com/out/SoulMachinesAIAgents
Top 100 AI Trends Month,Seaweed.video,https://aixploria.com/out/Seaweed.video
Top 100 AI Trends Month,Video Background Remover,https://aixploria.com/out/VideoBackgroundRemover
Top 100 AI Trends Month,F-Lite by Freepik,https://aixploria.com/out/F-LitebyFreepik
Top 100 AI Trends Month,Dreamina AI,https://aixploria.com/out/DreaminaAI
Top 100 AI Trends Month,Ai Images Database,https://aixploria.com/out/AiImagesDatabase
Top 100 AI Trends Month,Seedream3.0,https://aixploria.com/out/Seedream3.0
Top 100 AI Trends Month,Qwen 3,https://aixploria.com/out/Qwen3
Top 100 AI Trends Month,AI Humanizer QuillBot,https://aixploria.com/out/AIHumanizerQuillBot
Top 100 AI Trends Month,HunyuanCustom,https://aixploria.com/out/HunyuanCustom
Top 100 AI Trends Month,Humanize AI Tools,https://aixploria.com/out/HumanizeAITools
Top 100 AI Trends Month,3D House Planner,https://aixploria.com/out/3DHousePlanner
Top 100 AI Trends Month,Dia 1.6B,https://aixploria.com/out/Dia1.6B
Top 100 AI Trends Month,Videohunt.Ai,https://aixploria.com/out/Videohunt.Ai
Top 100 AI Trends Month,PhotoG,https://aixploria.com/out/PhotoG
Top 100 AI Trends Month,Deepsite,https://aixploria.com/out/Deepsite
Top 100 AI Trends Month,TTT-MLP,https://aixploria.com/out/TTT-MLP
Top 100 AI Trends Month,VideoIdeas.ai,https://aixploria.com/out/VideoIdeas.ai
Top 100 AI Trends Month,Runway Gen-4,https://aixploria.com/out/RunwayGen-4
Top 100 AI Trends Month,Jules by Google,https://aixploria.com/out/JulesbyGoogle
Top 100 AI Trends Month,ACE Step,https://aixploria.com/out/ACEStep
Top 100 AI Trends Month,DreamO,https://aixploria.com/out/DreamO
Top 100 AI Trends Month,Parakeet by Nvidia,https://aixploria.com/out/ParakeetbyNvidia
Top 100 AI Trends Month,AI Chat,https://aixploria.com/out/AIChat
Top 100 AI Trends Month,Comet by Perplexity,https://aixploria.com/out/CometbyPerplexity
Top 100 AI Trends Month,Firebase Studio,https://aixploria.com/out/FirebaseStudio
Top 100 AI Trends Month,Notion Mail,https://aixploria.com/out/NotionMail
Top 100 AI Trends Month,Pixelfox AI,https://aixploria.com/out/PixelfoxAI
Top 100 AI Trends Month,All Voice Lab,https://aixploria.com/out/AllVoiceLab
Top 100 AI Trends Month,DreamActor-M1,https://aixploria.com/out/DreamActor-M1
Top 100 AI Trends Month,Take a Quiz,https://aixploria.com/out/TakeaQuiz
Top 100 AI Trends Month,DolphinGemma,https://aixploria.com/out/DolphinGemma
Top 100 AI Trends Month,Dreamface,https://aixploria.com/out/Dreamface
Top 100 AI Trends Month,3D LHM (Alibaba),https://aixploria.com/out/3DLHM%28Alibaba%29
Top 100 AI Trends Month,4o Image Generation,https://aixploria.com/out/4oImageGeneration
Top 100 AI Trends Month,Llama 4,https://aixploria.com/out/Llama4
Top 100 AI Trends Month,AppSumo,https://aixploria.com/out/AppSumo
Top 100 AI Trends Month,GPT-Image-1 OpenAI,https://aixploria.com/out/GPT-Image-1OpenAI
Top 100 AI Trends Month,i10X,https://aixploria.com/out/i10X
Top 100 AI Trends Month,Balzac AI,https://aixploria.com/out/BalzacAI
Top 100 AI Trends Month,ElevenLabs MCP,https://aixploria.com/out/ElevenLabsMCP
Top 100 AI Trends Month,GPT-4.1,https://aixploria.com/out/GPT-4.1
Top 100 AI Trends Month,Best Creator,https://aixploria.com/out/BestCreator
Top 100 AI Trends Month,MoCha by Meta,https://aixploria.com/out/MoChabyMeta
Top 100 AI Trends Month,Together Chat,https://aixploria.com/out/TogetherChat
Top 100 AI Trends Month,Qwen2.5-Omni,https://aixploria.com/out/Qwen2.5-Omni
Top 100 AI Trends Month,Skywork.ai,https://aixploria.com/out/Skywork.ai
Top 100 AI Trends Month,Agent2Agent Protocol,https://aixploria.com/out/Agent2AgentProtocol
Top 100 AI Trends Month,enso,https://aixploria.com/out/enso
Top 100 AI Trends Month,StarVector,https://aixploria.com/out/StarVector
Top 100 AI Trends Month,InfiniteYou-FLUX,https://aixploria.com/out/InfiniteYou-FLUX
Top 100 AI Trends Month,Ninja AI,https://aixploria.com/out/NinjaAI
Top 100 AI Trends Month,Figma Sites,https://aixploria.com/out/FigmaSites
Top 100 AI Trends Month,Claude 4,https://aixploria.com/out/Claude4
Top 100 AI Trends Month,Codex by OpenAI,https://aixploria.com/out/CodexbyOpenAI
Top 100 AI Trends Month,Zeal AI,https://aixploria.com/out/ZealAI
Top 100 AI Trends Month,Bytecap,https://aixploria.com/out/Bytecap
Top 100 AI Trends Month,Canva AI Assistant,https://aixploria.com/out/CanvaAIAssistant
Top 100 AI Trends Month,Pecan AI,https://aixploria.com/out/PecanAI
Top 100 AI Trends Month,ACE Studio,https://aixploria.com/out/ACEStudio
Top 100 AI Trends Month,Rayo,https://aixploria.com/out/Rayo
Top 100 AI Trends Month,KreadoAI Voice Clone,https://aixploria.com/out/KreadoAIVoiceClone
Top 100 AI Trends Month,Blaze,https://aixploria.com/out/Blaze
Top 100 AI Trends Month,AI Homework Helper,https://aixploria.com/out/AIHomeworkHelper
Top 100 AI Trends Month,CORLEO Kawasaki,https://aixploria.com/out/CORLEOKawasaki
Top 100 AI Trends Month,Mimi Panda Coloring AI,https://aixploria.com/out/MimiPandaColoringAI
Top 100 AI Trends Month,HyperPilot,https://aixploria.com/out/HyperPilot
Top 100 AI Trends Month,MinutesLink,https://aixploria.com/out/MinutesLink
Top 100 AI Trends Month,Best SAT Score,https://aixploria.com/out/BestSATScore
Top 100 AI Trends Month,Suna by Kortix,https://aixploria.com/out/SunabyKortix
Top 100 AI Trends Month,Instant Upload,https://aixploria.com/out/InstantUpload
Top 100 AI Trends Month,Overchat.ai,https://aixploria.com/out/Overchat.ai
Top 100 AI Trends Month,Even G1,https://aixploria.com/out/EvenG1
Top 100 AI Trends Month,KIVA by Wellows,https://aixploria.com/out/KIVAbyWellows
Top 100 AI Trends Month,Accio,https://aixploria.com/out/Accio
Top 100 AI Trends Month,Solvy,https://aixploria.com/out/Solvy
Top 100 AI Trends Month,CoTester,https://aixploria.com/out/CoTester
Top 100 AI Trends Month,AI Dance Generator,https://aixploria.com/out/AIDanceGenerator
Top 100 AI Trends Month,Kilo Code,https://aixploria.com/out/KiloCode
Top 100 AI Trends Month,Dun & Bradstreet,https://aixploria.com/out/Dun%26%23038%3BBradstreet
Top 100 AI Trends Month,Audio Cleaner AI,https://aixploria.com/out/AudioCleanerAI
Top 100 AI Trends Month,Victoria AI,https://aixploria.com/out/VictoriaAI
Top 100 AI Trends Month,insMind AI Ghibli Filter,https://aixploria.com/out/insMindAIGhibliFilter
Top 100 AI Trends Month,Gemini 2.5 Pro,https://aixploria.com/out/Gemini2.5Pro
Top 100 AI Trends Month,AI for work Notion,https://aixploria.com/out/AIforworkNotion
Top 100 AI Trends Month,MakeSong,https://aixploria.com/out/MakeSong
Top 100 AI Trends Month,GetLeads,https://aixploria.com/out/GetLeads
Top 100 AI Trends Month,B2B Rocket,https://aixploria.com/out/B2BRocket
Top 100 AI Trends Month,Hunyuan-T1,https://aixploria.com/out/Hunyuan-T1
Top 100 AI Trends Month,Amazon Nova Sonic,https://aixploria.com/out/AmazonNovaSonic
Top 100 AI Trends Month,Zapier MCP,https://aixploria.com/out/ZapierMCP
Top 100 AI Trends Month,Portia Labs,https://aixploria.com/out/PortiaLabs
Top 100 AI Trends Month,Chargeblast,https://aixploria.com/out/Chargeblast
Top 100 Popular AI,ChatGPT,https://aixploria.com/out/ChatGPT
Top 100 Popular AI,MidJourney V7,https://aixploria.com/out/MidJourneyV7
Top 100 Popular AI,Perplexity AI,https://aixploria.com/out/PerplexityAI
Top 100 Popular AI,Stable Diffusion 3.5,https://aixploria.com/out/StableDiffusion3.5
Top 100 Popular AI,Gemini AI,https://aixploria.com/out/GeminiAI
Top 100 Popular AI,Adobe Firefly 3,https://aixploria.com/out/AdobeFirefly3
Top 100 Popular AI,Playground OpenAI,https://aixploria.com/out/PlaygroundOpenAI
Top 100 Popular AI,Adcreative AI by Semrush,https://aixploria.com/out/AdcreativeAIbySemrush
Top 100 Popular AI,HeyGen AI,https://aixploria.com/out/HeyGenAI
Top 100 Popular AI,Claude AI,https://aixploria.com/out/ClaudeAI
Top 100 Popular AI,Microsoft Bing,https://aixploria.com/out/MicrosoftBing
Top 100 Popular AI,ElevenLabs,https://aixploria.com/out/ElevenLabs
Top 100 Popular AI,Leonardo AI,https://aixploria.com/out/LeonardoAI
Top 100 Popular AI,Character AI,https://aixploria.com/out/CharacterAI
Top 100 Popular AI,DALL·E 3,https://aixploria.com/out/DALL%C2%B7E3
Top 100 Popular AI,Microsoft Copilot,https://aixploria.com/out/MicrosoftCopilot
Top 100 Popular AI,HubSpot CRM,https://aixploria.com/out/HubSpotCRM
Top 100 Popular AI,Microsoft Designer,https://aixploria.com/out/MicrosoftDesigner
Top 100 Popular AI,Notion AI,https://aixploria.com/out/NotionAI
Top 100 Popular AI,Studio D-ID,https://aixploria.com/out/StudioD-ID
Top 100 Popular AI,FLUX.1,https://aixploria.com/out/FLUX.1
Top 100 Popular AI,Canva AI,https://aixploria.com/out/CanvaAI
Top 100 Popular AI,Photoshop AI,https://aixploria.com/out/PhotoshopAI
Top 100 Popular AI,Grok-3,https://aixploria.com/out/Grok-3
Top 100 Popular AI,QuillBot,https://aixploria.com/out/QuillBot
Top 100 Popular AI,Magnific AI,https://aixploria.com/out/MagnificAI
Top 100 Popular AI,GitHub Copilot AI,https://aixploria.com/out/GitHubCopilotAI
Top 100 Popular AI,Adobe Premiere Pro,https://aixploria.com/out/AdobePremierePro
Top 100 Popular AI,Sora by OpenAI,https://aixploria.com/out/SorabyOpenAI
Top 100 Popular AI,Ideogram 3.0,https://aixploria.com/out/Ideogram3.0
Top 100 Popular AI,Playground AI,https://aixploria.com/out/PlaygroundAI
Top 100 Popular AI,Rytr,https://aixploria.com/out/Rytr
Top 100 Popular AI,Zapier,https://aixploria.com/out/Zapier
Top 100 Popular AI,TikTok For Business,https://aixploria.com/out/TikTokForBusiness
Top 100 Popular AI,Clipdrop,https://aixploria.com/out/Clipdrop
Top 100 Popular AI,Krea.ai,https://aixploria.com/out/Krea.ai
Top 100 Popular AI,Genie by Lumalabs,https://aixploria.com/out/GeniebyLumalabs
Top 100 Popular AI,Llama 2,https://aixploria.com/out/Llama2
Top 100 Popular AI,Looka,https://aixploria.com/out/Looka
Top 100 Popular AI,Civitai,https://aixploria.com/out/Civitai
Top 100 Popular AI,DreamStudio,https://aixploria.com/out/DreamStudio
Top 100 Popular AI,DeepSeek-R1,https://aixploria.com/out/DeepSeek-R1
Top 100 Popular AI,FaceFusion,https://aixploria.com/out/FaceFusion
Top 100 Popular AI,GPT-4o,https://aixploria.com/out/GPT-4o
Top 100 Popular AI,Veo 3 Google,https://aixploria.com/out/Veo3Google
Top 100 Popular AI,Le Chat by Mistral AI,https://aixploria.com/out/LeChatbyMistralAI
Top 100 Popular AI,Hugging Face,https://aixploria.com/out/HuggingFace
Top 100 Popular AI,ChatPDF,https://aixploria.com/out/ChatPDF
Top 100 Popular AI,Make,https://aixploria.com/out/Make
Top 100 Popular AI,Deepl,https://aixploria.com/out/Deepl
Top 100 Popular AI,ContentShake AI,https://aixploria.com/out/ContentShakeAI
Top 100 Popular AI,Emote Portrait Alive (EMO),https://aixploria.com/out/EmotePortraitAlive%28EMO%29
Top 100 Popular AI,Lexica.art,https://aixploria.com/out/Lexica.art
Top 100 Popular AI,Runway ML,https://aixploria.com/out/RunwayML
Top 100 Popular AI,ChatGPT 4.5,https://aixploria.com/out/ChatGPT4.5
Top 100 Popular AI,Globe Explorer AI,https://aixploria.com/out/GlobeExplorerAI
Top 100 Popular AI,AI Logo by Fiverr,https://aixploria.com/out/AILogobyFiverr
Top 100 Popular AI,Echowin AI,https://aixploria.com/out/EchowinAI
Top 100 Popular AI,Gemini Pro 1.5,https://aixploria.com/out/GeminiPro1.5
Top 100 Popular AI,Pika 2.2,https://aixploria.com/out/Pika2.2
Top 100 Popular AI,Qwen2.5-Max,https://aixploria.com/out/Qwen2.5-Max
Top 100 Popular AI,Easy-Peasy AI,https://aixploria.com/out/Easy-PeasyAI
Top 100 Popular AI,ReelMagic,https://aixploria.com/out/ReelMagic
Top 100 Popular AI,Bing Image Creator,https://aixploria.com/out/BingImageCreator
Top 100 Popular AI,InVideo,https://aixploria.com/out/InVideo
Top 100 Popular AI,Luma Dream Machine,https://aixploria.com/out/LumaDreamMachine
Top 100 Popular AI,Social Content AI,https://aixploria.com/out/SocialContentAI
Top 100 Popular AI,BeforeSunset AI,https://aixploria.com/out/BeforeSunsetAI
Top 100 Popular AI,Tome AI,https://aixploria.com/out/TomeAI
Top 100 Popular AI,OpenAI o1,https://aixploria.com/out/OpenAIo1
Top 100 Popular AI,AI Dungeon,https://aixploria.com/out/AIDungeon
Top 100 Popular AI,Vectorizer AI,https://aixploria.com/out/VectorizerAI
Top 100 Popular AI,Screenshot To Code,https://aixploria.com/out/ScreenshotToCode
Top 100 Popular AI,Remove BG,https://aixploria.com/out/RemoveBG
Top 100 Popular AI,Claude 3.5 Sonnet,https://aixploria.com/out/Claude3.5Sonnet
Top 100 Popular AI,iFable,https://aixploria.com/out/iFable
Top 100 Popular AI,Gemini 2.0,https://aixploria.com/out/Gemini2.0
Top 100 Popular AI,Framer AI,https://aixploria.com/out/FramerAI
Top 100 Popular AI,o3 by OpenAI,https://aixploria.com/out/o3byOpenAI
Top 100 Popular AI,Bolt.new,https://aixploria.com/out/Bolt.new
Top 100 Popular AI,NotebookLM,https://aixploria.com/out/NotebookLM
Top 100 Popular AI,Amazon CodeWhisperer,https://aixploria.com/out/AmazonCodeWhisperer
Top 100 Popular AI,Durable,https://aixploria.com/out/Durable
Top 100 Popular AI,Adobe Podcast,https://aixploria.com/out/AdobePodcast
Top 100 Popular AI,Uizard IO,https://aixploria.com/out/UizardIO
Top 100 Popular AI,Adobe Express,https://aixploria.com/out/AdobeExpress
Top 100 Popular AI,Grammarly,https://aixploria.com/out/Grammarly
Top 100 Popular AI,Suno AI V4,https://aixploria.com/out/SunoAIV4
Top 100 Popular AI,Stockimg AI,https://aixploria.com/out/StockimgAI
Top 100 Popular AI,SDXL by Stable Diffusion,https://aixploria.com/out/SDXLbyStableDiffusion
Top 100 Popular AI,enso,https://aixploria.com/out/enso
Top 100 Popular AI,Grok 2.0,https://aixploria.com/out/Grok2.0
Top 100 Popular AI,Jasper,https://aixploria.com/out/Jasper
Top 100 Popular AI,Magic by Shopify,https://aixploria.com/out/MagicbyShopify
Top 100 Popular AI,PolyBuzz,https://aixploria.com/out/PolyBuzz
Top 100 Popular AI,Gradio,https://aixploria.com/out/Gradio
Top 100 Popular AI,Murf.AI,https://aixploria.com/out/Murf.AI
Top 100 Popular AI,Acrobat AI by Adobe,https://aixploria.com/out/AcrobatAIbyAdobe
Top 100 Popular AI,DeepSeek-VL2,https://aixploria.com/out/DeepSeek-VL2
Top 100 Popular AI,Semrush,https://aixploria.com/out/Semrush
Top 100 AI Trends,Photoshop AI,https://aixploria.com/out/PhotoshopAI
Top 100 AI Trends,MidJourney V7,https://aixploria.com/out/MidJourneyV7
Top 100 AI Trends,Adobe Firefly 3,https://aixploria.com/out/AdobeFirefly3
Top 100 AI Trends,Veo 3 Google,https://aixploria.com/out/Veo3Google
Top 100 AI Trends,Sora by OpenAI,https://aixploria.com/out/SorabyOpenAI
Top 100 AI Trends,Leonardo AI,https://aixploria.com/out/LeonardoAI
Top 100 AI Trends,ChatGPT,https://aixploria.com/out/ChatGPT
Top 100 AI Trends,HeyGen AI,https://aixploria.com/out/HeyGenAI
Top 100 AI Trends,Ideogram 3.0,https://aixploria.com/out/Ideogram3.0
Top 100 AI Trends,Infinite Craft By Neal,https://aixploria.com/out/InfiniteCraftByNeal
Top 100 AI Trends,Stable Diffusion 3.5,https://aixploria.com/out/StableDiffusion3.5
Top 100 AI Trends,AI Town,https://aixploria.com/out/AITown
Top 100 AI Trends,Perplexity AI,https://aixploria.com/out/PerplexityAI
Top 100 AI Trends,Luma Dream Machine,https://aixploria.com/out/LumaDreamMachine
Top 100 AI Trends,Studio D-ID,https://aixploria.com/out/StudioD-ID
Top 100 AI Trends,FaceFusion,https://aixploria.com/out/FaceFusion
Top 100 AI Trends,Kling 2.0,https://aixploria.com/out/Kling2.0
Top 100 AI Trends,Gen-3 by Runway,https://aixploria.com/out/Gen-3byRunway
Top 100 AI Trends,Adcreative AI by Semrush,https://aixploria.com/out/AdcreativeAIbySemrush
Top 100 AI Trends,Claude AI,https://aixploria.com/out/ClaudeAI
Top 100 AI Trends,Hidden Door,https://aixploria.com/out/HiddenDoor
Top 100 AI Trends,Globe Explorer AI,https://aixploria.com/out/GlobeExplorerAI
Top 100 AI Trends,Tome AI,https://aixploria.com/out/TomeAI
Top 100 AI Trends,iFable,https://aixploria.com/out/iFable
Top 100 AI Trends,Genmo AI,https://aixploria.com/out/GenmoAI
Top 100 AI Trends,Pika 2.2,https://aixploria.com/out/Pika2.2
Top 100 AI Trends,Gemini AI,https://aixploria.com/out/GeminiAI
Top 100 AI Trends,Looka,https://aixploria.com/out/Looka
Top 100 AI Trends,Hexagen World AI,https://aixploria.com/out/HexagenWorldAI
Top 100 AI Trends,Hunyuan Video,https://aixploria.com/out/HunyuanVideo
Top 100 AI Trends,Human or Not 2,https://aixploria.com/out/HumanorNot2
Top 100 AI Trends,AI Dungeon,https://aixploria.com/out/AIDungeon
Top 100 AI Trends,FaceSwapper,https://aixploria.com/out/FaceSwapper
Top 100 AI Trends,ElevenLabs,https://aixploria.com/out/ElevenLabs
Top 100 AI Trends,DALL·E 3,https://aixploria.com/out/DALL%C2%B7E3
Top 100 AI Trends,AI Logo by Fiverr,https://aixploria.com/out/AILogobyFiverr
Top 100 AI Trends,HubSpot CRM,https://aixploria.com/out/HubSpotCRM
Top 100 AI Trends,InVideo,https://aixploria.com/out/InVideo
Top 100 AI Trends,Websim AI,https://aixploria.com/out/WebsimAI
Top 100 AI Trends,Hailuo AI (MiniMax),https://aixploria.com/out/HailuoAI%28MiniMax%29
Top 100 AI Trends,Character AI,https://aixploria.com/out/CharacterAI
Top 100 AI Trends,Audiobox by Meta,https://aixploria.com/out/AudioboxbyMeta
Top 100 AI Trends,Magic by Shopify,https://aixploria.com/out/MagicbyShopify
Top 100 AI Trends,DeepFakesWeb,https://aixploria.com/out/DeepFakesWeb
Top 100 AI Trends,Wan 2.1 AI Video,https://aixploria.com/out/Wan2.1AIVideo
Top 100 AI Trends,Emote Portrait Alive (EMO),https://aixploria.com/out/EmotePortraitAlive%28EMO%29
Top 100 AI Trends,Lexica.art,https://aixploria.com/out/Lexica.art
Top 100 AI Trends,ChatPDF,https://aixploria.com/out/ChatPDF
Top 100 AI Trends,enso,https://aixploria.com/out/enso
Top 100 AI Trends,Canva AI,https://aixploria.com/out/CanvaAI
Top 100 AI Trends,FLUX.1,https://aixploria.com/out/FLUX.1
Top 100 AI Trends,Krea.ai,https://aixploria.com/out/Krea.ai
Top 100 AI Trends,QuillBot,https://aixploria.com/out/QuillBot
Top 100 AI Trends,Gamma App,https://aixploria.com/out/GammaApp
Top 100 AI Trends,Wondershare Virbo,https://aixploria.com/out/WondershareVirbo
Top 100 AI Trends,PixVerse,https://aixploria.com/out/PixVerse
Top 100 AI Trends,TradeUI,https://aixploria.com/out/TradeUI
Top 100 AI Trends,Notion AI,https://aixploria.com/out/NotionAI
Top 100 AI Trends,Poe,https://aixploria.com/out/Poe
Top 100 AI Trends,Microsoft Copilot,https://aixploria.com/out/MicrosoftCopilot
Top 100 AI Trends,Meta AI,https://aixploria.com/out/MetaAI
Top 100 AI Trends,Video Face Swap,https://aixploria.com/out/VideoFaceSwap
Top 100 AI Trends,AI Video by Media.io,https://aixploria.com/out/AIVideobyMedia.io
Top 100 AI Trends,ChatSonic,https://aixploria.com/out/ChatSonic
Top 100 AI Trends,Make,https://aixploria.com/out/Make
Top 100 AI Trends,ReelMagic,https://aixploria.com/out/ReelMagic
Top 100 AI Trends,Viggle 2.0,https://aixploria.com/out/Viggle2.0
Top 100 AI Trends,Rytr,https://aixploria.com/out/Rytr
Top 100 AI Trends,Framer AI,https://aixploria.com/out/FramerAI
Top 100 AI Trends,GPTforSlides,https://aixploria.com/out/GPTforSlides
Top 100 AI Trends,Deepfakes.lol,https://aixploria.com/out/Deepfakes.lol
Top 100 AI Trends,Face Swap by Remaker,https://aixploria.com/out/FaceSwapbyRemaker
Top 100 AI Trends,Suno AI V4,https://aixploria.com/out/SunoAIV4
Top 100 AI Trends,ContentShake AI,https://aixploria.com/out/ContentShakeAI
Top 100 AI Trends,NPC-Playground,https://aixploria.com/out/NPC-Playground
Top 100 AI Trends,Genie by Lumalabs,https://aixploria.com/out/GeniebyLumalabs
Top 100 AI Trends,Manus AI Agent,https://aixploria.com/out/ManusAIAgent
Top 100 AI Trends,Stable Video Diffusion,https://aixploria.com/out/StableVideoDiffusion
Top 100 AI Trends,Meta Movie Gen,https://aixploria.com/out/MetaMovieGen
Top 100 AI Trends,Kindroid,https://aixploria.com/out/Kindroid
Top 100 AI Trends,DeepFaceLab,https://aixploria.com/out/DeepFaceLab
Top 100 AI Trends,Booom.ai,https://aixploria.com/out/Booom.ai
Top 100 AI Trends,Swapface,https://aixploria.com/out/Swapface
Top 100 AI Trends,VideoIdeas.ai,https://aixploria.com/out/VideoIdeas.ai
Top 100 AI Trends,DeepSeek-R1,https://aixploria.com/out/DeepSeek-R1
Top 100 AI Trends,LTX Studio,https://aixploria.com/out/LTXStudio
Top 100 AI Trends,Imagen 3 by Google,https://aixploria.com/out/Imagen3byGoogle
Top 100 AI Trends,FraimeBot,https://aixploria.com/out/FraimeBot
Top 100 AI Trends,Misgif,https://aixploria.com/out/Misgif
Top 100 AI Trends,DeepSwapper AI,https://aixploria.com/out/DeepSwapperAI
Top 100 AI Trends,Replika,https://aixploria.com/out/Replika
Top 100 AI Trends,Free Face Search Online,https://aixploria.com/out/FreeFaceSearchOnline
Top 100 AI Trends,Devin AI by Cognition,https://aixploria.com/out/DevinAIbyCognition
Top 100 AI Trends,Murf.AI,https://aixploria.com/out/Murf.AI
Top 100 AI Trends,AutoGPT,https://aixploria.com/out/AutoGPT
Top 100 AI Trends,Yodayo,https://aixploria.com/out/Yodayo
Top 100 AI Trends,Social Content AI,https://aixploria.com/out/SocialContentAI
Top 100 AI Trends,Civitai,https://aixploria.com/out/Civitai
Top 100 AI Trends,Dreamina AI,https://aixploria.com/out/DreaminaAI
Top 100 AI Trends,Face Swap Open,https://aixploria.com/out/FaceSwapOpen
Top 100 AIxploria selection,Mango AI,https://aixploria.com/out/MangoAI
Top 100 AIxploria selection,Ai Images Database,https://aixploria.com/out/AiImagesDatabase
Top 100 AIxploria selection,Humanize AI Tools,https://aixploria.com/out/HumanizeAITools
Top 100 AIxploria selection,Leonardo AI,https://aixploria.com/out/LeonardoAI
Top 100 AIxploria selection,3D House Planner,https://aixploria.com/out/3DHousePlanner
Top 100 AIxploria selection,Fluig AI,https://aixploria.com/out/FluigAI
Top 100 AIxploria selection,iFable,https://aixploria.com/out/iFable
Top 100 AIxploria selection,All Voice Lab,https://aixploria.com/out/AllVoiceLab
Top 100 AIxploria selection,Dreamface,https://aixploria.com/out/Dreamface
Top 100 AIxploria selection,Video Background Remover,https://aixploria.com/out/VideoBackgroundRemover
Top 100 AIxploria selection,Skywork.ai,https://aixploria.com/out/Skywork.ai
Top 100 AIxploria selection,ElevenLabs,https://aixploria.com/out/ElevenLabs
Top 100 AIxploria selection,HeyGen AI,https://aixploria.com/out/HeyGenAI
Top 100 AIxploria selection,AI2U: With You ‘Til The End,https://aixploria.com/out/AI2U%3AWithYou%26%238216%3BTilTheEnd
Top 100 AIxploria selection,AI Chat,https://aixploria.com/out/AIChat
Top 100 AIxploria selection,Videohunt.Ai,https://aixploria.com/out/Videohunt.Ai
Top 100 AIxploria selection,Arvin AI Logo Maker,https://aixploria.com/out/ArvinAILogoMaker
Top 100 AIxploria selection,ChatGPT for PowerPoint,https://aixploria.com/out/ChatGPTforPowerPoint
Top 100 AIxploria selection,ChatPDF,https://aixploria.com/out/ChatPDF
Top 100 AIxploria selection,ContentShake AI,https://aixploria.com/out/ContentShakeAI
Top 100 AIxploria selection,Adcreative AI by Semrush,https://aixploria.com/out/AdcreativeAIbySemrush
Top 100 AIxploria selection,Pixelfox AI,https://aixploria.com/out/PixelfoxAI
Top 100 AIxploria selection,Murf.AI,https://aixploria.com/out/Murf.AI
Top 100 AIxploria selection,i10X,https://aixploria.com/out/i10X
Top 100 AIxploria selection,Golex AI,https://aixploria.com/out/GolexAI
Top 100 AIxploria selection,QuillBot,https://aixploria.com/out/QuillBot
Top 100 AIxploria selection,Take a Quiz,https://aixploria.com/out/TakeaQuiz
Top 100 AIxploria selection,Accio,https://aixploria.com/out/Accio
Top 100 AIxploria selection,PhotoG,https://aixploria.com/out/PhotoG
Top 100 AIxploria selection,Soul Machines AI Agents,https://aixploria.com/out/SoulMachinesAIAgents
Top 100 AIxploria selection,VideoIdeas.ai,https://aixploria.com/out/VideoIdeas.ai
Top 100 AIxploria selection,Fineshare Singify,https://aixploria.com/out/FineshareSingify
Top 100 AIxploria selection,AI Dance Generator,https://aixploria.com/out/AIDanceGenerator
Top 100 AIxploria selection,Undetectable AI,https://aixploria.com/out/UndetectableAI
Top 100 AIxploria selection,Prospero.ai,https://aixploria.com/out/Prospero.ai
Top 100 AIxploria selection,DRESSX.me,https://aixploria.com/out/DRESSX.me
Top 100 AIxploria selection,Design.com,https://aixploria.com/out/Design.com
Top 100 AIxploria selection,Best Creator,https://aixploria.com/out/BestCreator
Top 100 AIxploria selection,Rytr,https://aixploria.com/out/Rytr
Top 100 AIxploria selection,AI Logo by Fiverr,https://aixploria.com/out/AILogobyFiverr
Top 100 AIxploria selection,Ninja AI,https://aixploria.com/out/NinjaAI
Top 100 AIxploria selection,BestFaceSwap AI,https://aixploria.com/out/BestFaceSwapAI
Top 100 AIxploria selection,Face Swapper,https://aixploria.com/out/FaceSwapper
Top 100 AIxploria selection,MakeSong,https://aixploria.com/out/MakeSong
Top 100 AIxploria selection,KreadoAI FaceSwap,https://aixploria.com/out/KreadoAIFaceSwap
Top 100 AIxploria selection,Lara Translate,https://aixploria.com/out/LaraTranslate
Top 100 AIxploria selection,KreadoAI Voice Clone,https://aixploria.com/out/KreadoAIVoiceClone
Top 100 AIxploria selection,Blaze,https://aixploria.com/out/Blaze
Top 100 AIxploria selection,Bytecap,https://aixploria.com/out/Bytecap
Top 100 AIxploria selection,AI Human Generator,https://aixploria.com/out/AIHumanGenerator
Top 100 AIxploria selection,Free Face Search Online,https://aixploria.com/out/FreeFaceSearchOnline
Top 100 AIxploria selection,Funy AI,https://aixploria.com/out/FunyAI
Top 100 AIxploria selection,Zeal AI,https://aixploria.com/out/ZealAI
Top 100 AIxploria selection,Vidnoz AI,https://aixploria.com/out/VidnozAI
Top 100 AIxploria selection,Balzac AI,https://aixploria.com/out/BalzacAI
Top 100 AIxploria selection,KeywordSearch AI,https://aixploria.com/out/KeywordSearchAI
Top 100 AIxploria selection,TikTok For Business,https://aixploria.com/out/TikTokForBusiness
Top 100 AIxploria selection,Image Upscaler,https://aixploria.com/out/ImageUpscaler
Top 100 AIxploria selection,WriteSonic,https://aixploria.com/out/WriteSonic
Top 100 AIxploria selection,Solvy,https://aixploria.com/out/Solvy
Top 100 AIxploria selection,Dzine,https://aixploria.com/out/Dzine
Top 100 AIxploria selection,Pecan AI,https://aixploria.com/out/PecanAI
Top 100 AIxploria selection,AI Smart Upscaler,https://aixploria.com/out/AISmartUpscaler
Top 100 AIxploria selection,Cades,https://aixploria.com/out/Cades
Top 100 AIxploria selection,AskYourPDF,https://aixploria.com/out/AskYourPDF
Top 100 AIxploria selection,Rayo,https://aixploria.com/out/Rayo
Top 100 AIxploria selection,freebeat AI,https://aixploria.com/out/freebeatAI
Top 100 AIxploria selection,VideoPlus.ai,https://aixploria.com/out/VideoPlus.ai
Top 100 AIxploria selection,Instant Upload,https://aixploria.com/out/InstantUpload
Top 100 AIxploria selection,Background Blur Pokecut,https://aixploria.com/out/BackgroundBlurPokecut
Top 100 AIxploria selection,Synthesia 2.0,https://aixploria.com/out/Synthesia2.0
Top 100 AIxploria selection,MinutesLink,https://aixploria.com/out/MinutesLink
Top 100 AIxploria selection,CoTester,https://aixploria.com/out/CoTester
Top 100 AIxploria selection,Mimi Panda Coloring AI,https://aixploria.com/out/MimiPandaColoringAI
Top 100 AIxploria selection,GetLeads,https://aixploria.com/out/GetLeads
Top 100 AIxploria selection,BizPlanner AI,https://aixploria.com/out/BizPlannerAI
Top 100 AIxploria selection,Workleap,https://aixploria.com/out/Workleap
Top 100 AIxploria selection,Kilo Code,https://aixploria.com/out/KiloCode
Top 100 AIxploria selection,OctoComics,https://aixploria.com/out/OctoComics
Top 100 AIxploria selection,AI PDF Summarizer,https://aixploria.com/out/AIPDFSummarizer
Top 100 AIxploria selection,Fliki AI,https://aixploria.com/out/FlikiAI
Top 100 AIxploria selection,KIVA by Wellows,https://aixploria.com/out/KIVAbyWellows
Top 100 AIxploria selection,AI Homework Helper,https://aixploria.com/out/AIHomeworkHelper
Top 100 AIxploria selection,Victoria AI,https://aixploria.com/out/VictoriaAI
Top 100 AIxploria selection,insMind AI Ghibli Filter,https://aixploria.com/out/insMindAIGhibliFilter
Top 100 AIxploria selection,Audio Cleaner AI,https://aixploria.com/out/AudioCleanerAI
Top 100 AIxploria selection,Sprout Social,https://aixploria.com/out/SproutSocial
Top 100 AIxploria selection,Best SAT Score,https://aixploria.com/out/BestSATScore
Top 100 AIxploria selection,AI Illustration Generator,https://aixploria.com/out/AIIllustrationGenerator
Top 100 AIxploria selection,Quill,https://aixploria.com/out/Quill
Top 100 AIxploria selection,beehiiv AI,https://aixploria.com/out/beehiivAI
Top 100 AIxploria selection,Overchat.ai,https://aixploria.com/out/Overchat.ai
Top 100 AIxploria selection,SharkWriter.ai,https://aixploria.com/out/SharkWriter.ai
Top 100 AIxploria selection,TemPolor,https://aixploria.com/out/TemPolor
Top 100 AIxploria selection,Fellow,https://aixploria.com/out/Fellow
Top 100 AIxploria selection,Mega HR,https://aixploria.com/out/MegaHR
Top 100 AIxploria selection,Soul Machines,https://aixploria.com/out/SoulMachines
Top 100 AIxploria selection,SysArchitect,https://aixploria.com/out/SysArchitect
Top 100 AIxploria selection,B2B Rocket,https://aixploria.com/out/B2BRocket
Top 100 AIxploria selection,MindStudio,https://aixploria.com/out/MindStudio
